"refs","value","manufacturer","mpn","footprint","quantity"
"C1,C5,C19","10u","Murata","GRM21BR61C106KE15L","RPI_COMPILED:generic_capc2012x125","3"
"C2,C8,C10-C18,C20","100n","Murata","GRM155R71E104KE14D","RPI_COMPILED:generic_capc1005x50","12"
"C3,C4","15p","Murata","GRM1555C1H150JA01D","RPI_COMPILED:generic_capc1005x50","2"
"C6,C7","4.7u","Murata","GRM155R60J475ME47D","RPI_COMPILED:generic_capc1005x50_wide","2"
"C9","4.7u","Murata","GRM155R60J475ME47D","RPI_COMPILED:generic_capc1005x50","1"
"D1","green","Lite-On","LTST-C190KGKT","LED_SMD:LED_0603_1608Metric","1"
"J1","DX07S016JA1R1500","JAE","DX07S016JA1R1500","fingerthing:usb-c","1"
"J2","R503","JST","SM06B-SRSS-TB(LF)(SN)","Connector_JST:JST_SH_SM06B-SRSS-TB_1x06-1MP_P1.00mm_Horizontal","1"
"J4","SM03B-SRSS-TB(LF)(SN)","JST","SM03B-SRSS-TB(LF)(SN)","RPI_COMPILED:jst_sm03b-srss-tb-lf--sn-","1"
"L1","3.3u","Abracon","AOTA-B201610S3R3-101-T","RPI_COMPILED:abracon_aota-b201610s3r3-101-t","1"
"R2,R6","1k","Yageo","RC0402FR-071KL","RPI_COMPILED:generic_resc1005x35","2"
"R3","33","Yageo","RC0402FR-0733RL","RPI_COMPILED:generic_resc1005x35","1"
"R7,R8","27","Yageo","RC0402FR-0727RL","RPI_COMPILED:generic_resc1005x35","2"
"R10","0","Yageo","RC0402JR-070RL","RPI_COMPILED:generic_resc1005x35","1"
"R11,R12","5.1k","Yageo","RC0402FR-075K1L","Resistor_SMD:R_0402_1005Metric","2"
"R13","1k","Yageo","RC0402FR-071KL","Resistor_SMD:R_0402_1005Metric","1"
"R14","10k","Yageo","RC0402FR-0710KL","Resistor_SMD:R_0402_1005Metric","1"
"SW1,SW3","434133025816","Wurth Elektronik","434133025816","RPI_COMPILED:wurthelek_434133025816","2"
"U1","RP2350A","Raspberry Pi","RP2350A","RPI_COMPILED:rpi_rp2350a_vias","1"
"U2","NCP1117ST33T3G","ON Semiconductor","NCP1117ST33T3G","RPI_COMPILED:onsemi_ncp1117st33t3g","1"
"U3","W25Q128JVSIQ","Winbond","W25Q128JVSIQ","RPI_COMPILED:generic_soic127p790x195-8","1"
"U4","USBLC6-2SC6","STMicroelectronics","USBLC6-2SC6","Package_TO_SOT_SMD:SOT-23-6","1"
"X1","12MHz","Abracon","ABM8-272-T3","RPI_COMPILED:generic_xtalcc320x250x80-4","1"
